<?xml version="1.0" encoding="UTF-8"?>
<rss version="2.0" xmlns:ror="http://rorweb.com/0.1/" >
<channel>
  <title>ROR Sitemap for http://otorrinoenpilar.com/</title>
  <link>http://otorrinoenpilar.com/</link>

<item>
     <link>https://otorrinoenpilar.com/</link>
     <title>otorrino sinusitis faringitis osde rinoplastia ronquidos</title>
     <description>servicios otorrinolaringologia cirugia rinoplastias apnea sueño .</description>
     <ror:updatePeriod></ror:updatePeriod>
     <ror:sortOrder>0</ror:sortOrder>
     <ror:resourceOf>sitemap</ror:resourceOf>
</item>
<item>
     <link>https://otorrinoenpilar.com/sahos.html</link>
     <title>Ronquidos y Apneas del sueño en adultos.</title>
     <description>Medicina de sueño. Ronquidos y Apneas del sueño en adultos.</description>
     <ror:updatePeriod></ror:updatePeriod>
     <ror:sortOrder>1</ror:sortOrder>
     <ror:resourceOf>sitemap</ror:resourceOf>
</item>
<item>
     <link>https://otorrinoenpilar.com/oido.html</link>
     <title>Problemas del oído y el equilibrio.</title>
     <description>enfermedades e información sobre problemas del oído y el equilibrio</description>
     <ror:updatePeriod></ror:updatePeriod>
     <ror:sortOrder>1</ror:sortOrder>
     <ror:resourceOf>sitemap</ror:resourceOf>
</item>
<item>
     <link>https://otorrinoenpilar.com/info.html</link>
     <title>Info cirugías otorrino y audífonos.</title>
     <description>preguntas frecuentes sobre cirugías de otorrinolaringología y uso de audífonos</description>
     <ror:updatePeriod></ror:updatePeriod>
     <ror:sortOrder>1</ror:sortOrder>
     <ror:resourceOf>sitemap</ror:resourceOf>
</item>
<item>
     <link>https://otorrinoenpilar.com/temas.html</link>
     <title>Información de otorrinolaringología por temas</title>
     <description>información de otorrinolaringología por temas.</description>
     <ror:updatePeriod></ror:updatePeriod>
     <ror:sortOrder>1</ror:sortOrder>
     <ror:resourceOf>sitemap</ror:resourceOf>
</item>
<item>
     <link>https://otorrinoenpilar.com/pod.html</link>
     <title>podcast salud otorrino</title>
     <description>podcast de salud</description>
     <ror:updatePeriod></ror:updatePeriod>
     <ror:sortOrder>1</ror:sortOrder>
     <ror:resourceOf>sitemap</ror:resourceOf>
</item>
<item>
     <link>https://otorrinoenpilar.com/consultorio.html</link>
     <title>Juan Mosovich, otorrinolaringólogo, consultorios en Pilar.</title>
     <description>horarios consultorios otorrino</description>
     <ror:updatePeriod></ror:updatePeriod>
     <ror:sortOrder>1</ror:sortOrder>
     <ror:resourceOf>sitemap</ror:resourceOf>
</item>
<item>
     <link>https://otorrinoenpilar.com/contacto.html</link>
     <title>Formulario de contacto Juan Mosovich</title>
     <description>contacto otorrino</description>
     <ror:updatePeriod></ror:updatePeriod>
     <ror:sortOrder>1</ror:sortOrder>
     <ror:resourceOf>sitemap</ror:resourceOf>
</item>
<item>
     <link>https://otorrinoenpilar.com/cvjuan.html</link>
     <title>C.V Juan Mosovich</title>
     <description>currriculum otorrino Mosovich</description>
     <ror:updatePeriod></ror:updatePeriod>
     <ror:sortOrder>1</ror:sortOrder>
     <ror:resourceOf>sitemap</ror:resourceOf>
</item>
<item>
     <link>https://otorrinoenpilar.com/temas/rinoplastia.html</link>
     <title>rinoplastias y rinoseptumplastias en Pilar Buenos Aires Argentina.</title>
     <description>información sobre rinoplastia y cirugías de nariz.</description>
     <ror:updatePeriod></ror:updatePeriod>
     <ror:sortOrder>1</ror:sortOrder>
     <ror:resourceOf>sitemap</ror:resourceOf>
</item>
<item>
     <link>https://otorrinoenpilar.com/temas/sinusitis.html</link>
     <title>sinusitis, rinitis, respiración por la nariz, sangrados nasales, fracturas.</title>
     <description>problemas respiratorios nasales, rinitis y sinusitis agudas y crónicas, sangrados y fracturas de nariz, tratamientos y complicaciones.</description>
     <ror:updatePeriod></ror:updatePeriod>
     <ror:sortOrder>1</ror:sortOrder>
     <ror:resourceOf>sitemap</ror:resourceOf>
</item>
<item>
     <link>https://otorrinoenpilar.com/pediatria.html</link>
     <title>Diagnóstico y tratamiento del ronquido y la apnea en los niños.</title>
     <description>diagnostico y tratamiento de la apnea del sueño en adultos y niños</description>
     <ror:updatePeriod></ror:updatePeriod>
     <ror:sortOrder>1</ror:sortOrder>
     <ror:resourceOf>sitemap</ror:resourceOf>
</item>
<item>
     <link>https://otorrinoenpilar.com/garganta.html</link>
     <title>Enfermedades de la garganta.</title>
     <description>enfermedades e información sobre problemas en la voz, laringe, aliento, deglución y garganta</description>
     <ror:updatePeriod></ror:updatePeriod>
     <ror:sortOrder>1</ror:sortOrder>
     <ror:resourceOf>sitemap</ror:resourceOf>
</item>
<item>
     <link>https://otorrinoenpilar.com/index.html</link>
     <title>otorrino sinusitis faringitis osde rinoplastia ronquidos</title>
     <description>servicios otorrinolaringologia cirugia rinoplastias apnea sueño .</description>
     <ror:updatePeriod></ror:updatePeriod>
     <ror:sortOrder>2</ror:sortOrder>
     <ror:resourceOf>sitemap</ror:resourceOf>
</item>
<item>
     <link>https://otorrinoenpilar.com/dormir.html</link>
     <title>Medicina de sueño.</title>
     <description>Medicina de sueño.</description>
     <ror:updatePeriod></ror:updatePeriod>
     <ror:sortOrder>2</ror:sortOrder>
     <ror:resourceOf>sitemap</ror:resourceOf>
</item>
</channel>
</rss>
  